{
  "resourceType" : "Bundle",
  "id" : "e7206a07-4bd9-4dd0-880a-5fbe37ece1b4",
  "meta" : {
    "lastUpdated" : "2024-02-17T09:29:15.989+00:00"
  },
  "type" : "collection",
  "entry" : [{
    "fullUrl" : "http://opehhie.org/fhir/table1ig/ValueSet/vs-smart-are-plus",
    "resource" : {
      "resourceType" : "ValueSet",
      "text" : {
        "status" : "generated",
        "div" : "<div xmlns=\"http://www.w3.org/1999/xhtml\"><div style=\"border: black 1px dotted; background-color: #EEEEEE; padding: 8px; margin-bottom: 8px\"><p>Expansion based on: </p><ul><li><a href=\"CodeSystem-cs-smartcare-plus.html\">codesystem CS SmartCare Plus v1.0.0 (CodeSystem)</a></li><li>SNOMED CT International edition 01-Sep 2023</li></ul></div><p>This value set contains 7 concepts.</p><table class=\"codes\"><tr><td style=\"white-space:nowrap\"><b>Code</b></td><td><b>System</b></td><td><b>Display</b></td></tr><tr><td style=\"white-space:nowrap\"><a name=\"http---snomed.info-sct-472986005\"> </a>\u00a0\u00a0<a href=\"http://snomed.info/id/472986005\">472986005</a></td><td>http://snomed.info/sct</td><td>Sexually active with men (finding)</td></tr><tr><td style=\"white-space:nowrap\"><a name=\"http---snomed.info-sct-159799000\"> </a>\u00a0\u00a0<a href=\"http://snomed.info/id/159799000\">159799000</a></td><td>http://snomed.info/sct</td><td>Female prostitute</td></tr><tr><td style=\"white-space:nowrap\"><a name=\"http---snomed.info-sct-159800001\"> </a>\u00a0\u00a0<a href=\"http://snomed.info/id/159800001\">159800001</a></td><td>http://snomed.info/sct</td><td>Male prostitute</td></tr><tr><td style=\"white-space:nowrap\"><a name=\"http---snomed.info-sct-228388006\"> </a>\u00a0\u00a0<a href=\"http://snomed.info/id/228388006\">228388006</a></td><td>http://snomed.info/sct</td><td>Injects drugs intravenously</td></tr><tr><td style=\"white-space:nowrap\"><a name=\"http---snomed.info-sct-417284009\"> </a>\u00a0\u00a0<a href=\"http://snomed.info/id/417284009\">417284009</a></td><td>http://snomed.info/sct</td><td>Current drug user (finding)</td></tr><tr><td style=\"white-space:nowrap\"><a name=\"http---snomed.info-sct-407375002\"> </a>\u00a0\u00a0<a href=\"http://snomed.info/id/407375002\">407375002</a></td><td>http://snomed.info/sct</td><td>Surgically transgendered transsexual (finding)</td></tr><tr><td style=\"white-space:nowrap\"><a name=\"http---opehhie.org-fhir-table1ig-CodeSystem-cs-smartcare-plus-General-Population\"> </a>\u00a0\u00a0<a href=\"CodeSystem-cs-smartcare-plus.html#cs-smartcare-plus-General-Population\">General-Population</a></td><td>http://opehhie.org/fhir/table1ig/CodeSystem/cs-smartcare-plus</td><td>General Populaton</td></tr></table></div>"
      },
      "url" : "http://opehhie.org/fhir/table1ig/ValueSet/vs-smart-are-plus",
      "version" : "1.0.0",
      "name" : "VSSmatCarePlus",
      "title" : "VS SmartCare Plus",
      "status" : "active",
      "date" : "2024-02-17T09:29:15+00:00",
      "jurisdiction" : [{
        "coding" : [{
          "system" : "http://unstats.un.org/unsd/methods/m49/m49.htm",
          "code" : "001",
          "display" : "World"
        }]
      }],
      "expansion" : {
        "identifier" : "urn:uuid:2a08994d-3b0c-4cfe-b6e3-4265608aef7b",
        "timestamp" : "2024-02-17T09:29:25+00:00",
        "total" : 7,
        "offset" : 0,
        "parameter" : [{
          "name" : "count",
          "valueInteger" : 1000
        },
        {
          "name" : "offset",
          "valueInteger" : 0
        },
        {
          "name" : "excludeNested",
          "valueBoolean" : false
        },
        {
          "name" : "used-valueset",
          "valueUri" : "null"
        },
        {
          "name" : "used-codesystem",
          "valueUri" : "http://snomed.info/sct|http://snomed.info/sct/900000000000207008/version/20230901"
        },
        {
          "name" : "version",
          "valueUri" : "http://snomed.info/sct|http://snomed.info/sct/900000000000207008/version/20230901"
        },
        {
          "name" : "used-codesystem",
          "valueUri" : "http://opehhie.org/fhir/table1ig/CodeSystem/cs-smartcare-plus|1.0.0"
        }],
        "contains" : [{
          "system" : "http://snomed.info/sct",
          "code" : "472986005",
          "display" : "Sexually active with men (finding)"
        },
        {
          "system" : "http://snomed.info/sct",
          "code" : "159799000",
          "display" : "Female prostitute"
        },
        {
          "system" : "http://snomed.info/sct",
          "code" : "159800001",
          "display" : "Male prostitute"
        },
        {
          "system" : "http://snomed.info/sct",
          "code" : "228388006",
          "display" : "Injects drugs intravenously"
        },
        {
          "system" : "http://snomed.info/sct",
          "code" : "417284009",
          "display" : "Current drug user (finding)"
        },
        {
          "system" : "http://snomed.info/sct",
          "code" : "407375002",
          "display" : "Surgically transgendered transsexual (finding)"
        },
        {
          "system" : "http://opehhie.org/fhir/table1ig/CodeSystem/cs-smartcare-plus",
          "code" : "General-Population",
          "display" : "General Populaton"
        }]
      }
    }
  }]
}