<?xml version="1.0" encoding="UTF-8"?>

<Patient xmlns="http://hl7.org/fhir">
  <id value="SmartcarePlus"/>
  <meta>
    <profile value="http://opehhie.org/fhir/table1ig/StructureDefinition/smart-care-plus-patient-ig"/>
  </meta>
  <text>
    <status value="generated"/><div xmlns="http://www.w3.org/1999/xhtml"><p style="border: 1px #661aff solid; background-color: #e6e6ff; padding: 10px;"><b>Moses John Giji </b> (no stated gender), DoB Unknown</p><hr/></div>
  </text>
  <name>
    <family value="Giji"/>
    <given value="Moses"/>
    <given value="John"/>
  </name>
</Patient>