<?xml version="1.0" encoding="UTF-8"?><ValueSet xmlns="http://hl7.org/fhir"><id value="vs-smart-are-plus"/><text><status value="generated"/><div xmlns="http://www.w3.org/1999/xhtml"><p>This value set includes codes based on the following rules:</p><ul><li>Include these codes as defined in <a href="http://www.snomed.org/"><code>http://snomed.info/sct</code></a><table class="none"><tr><td style="white-space:nowrap"><b>Code</b></td><td><b>Display</b></td></tr><tr><td><a href="http://snomed.info/id/472986005">472986005</a></td><td>Sexually active with men</td></tr><tr><td><a href="http://snomed.info/id/159799000">159799000</a></td><td>Female prostitute</td></tr><tr><td><a href="http://snomed.info/id/159800001">159800001</a></td><td>Male prostitute</td></tr><tr><td><a href="http://snomed.info/id/228388006">228388006</a></td><td>Intravenous drug user</td></tr><tr><td><a href="http://snomed.info/id/417284009">417284009</a></td><td>Current drug user</td></tr><tr><td><a href="http://snomed.info/id/407375002">407375002</a></td><td>Surgically transgendered transsexual</td></tr></table></li><li>Include all codes defined in <a href="CodeSystem-cs-smartcare-plus.html"><code>http://opehhie.org/fhir/table1ig/CodeSystem/cs-smartcare-plus</code></a></li></ul></div></text><url value="http://opehhie.org/fhir/table1ig/ValueSet/vs-smart-are-plus"/><version value="1.0.0"/><name value="VSSmatCarePlus"/><title value="VS SmartCare Plus"/><status value="active"/><date value="2024-02-17T09:29:15+00:00"/><publisher value="My Organization"/><contact><name value="My Organization"/><telecom><system value="url"/><value value="http://example.com/committees"/></telecom><telecom><system value="email"/><value value="my-group@example.com"/></telecom></contact><contact><name value="Bob Smith"/><telecom><system value="email"/><value value="bobsmith@example.com"/><use value="work"/></telecom></contact><description value="VS HIV key population"/><jurisdiction><coding><system value="http://unstats.un.org/unsd/methods/m49/m49.htm"/><code value="001"/><display value="World"/></coding></jurisdiction><compose><include><system value="http://snomed.info/sct"/><concept><code value="472986005"/><display value="Sexually active with men"/></concept><concept><code value="159799000"/><display value="Female prostitute"/></concept><concept><code value="159800001"/><display value="Male prostitute"/></concept><concept><code value="228388006"/><display value="Intravenous drug user"/></concept><concept><code value="417284009"/><display value="Current drug user"/></concept><concept><code value="407375002"/><display value="Surgically transgendered transsexual"/></concept></include><include><system value="http://opehhie.org/fhir/table1ig/CodeSystem/cs-smartcare-plus"/></include></compose></ValueSet>