{
  "resourceType" : "CodeSystem",
  "id" : "cs-smartcare-plus",
  "text" : {
    "status" : "generated",
    "div" : "<div xmlns=\"http://www.w3.org/1999/xhtml\"><p>This case-sensitive code system <code>http://opehhie.org/fhir/table1ig/CodeSystem/cs-smartcare-plus</code> defines the following code:</p><table class=\"codes\"><tr><td style=\"white-space:nowrap\"><b>Code</b></td><td><b>Display</b></td></tr><tr><td style=\"white-space:nowrap\">General-Population<a name=\"cs-smartcare-plus-General-Population\"> </a></td><td>General Populaton</td></tr></table></div>"
  },
  "url" : "http://opehhie.org/fhir/table1ig/CodeSystem/cs-smartcare-plus",
  "version" : "1.0.0",
  "name" : "CSSmartCarePlus",
  "title" : "CS SmartCare Plus",
  "status" : "active",
  "experimental" : false,
  "date" : "2024-02-17T09:29:15+00:00",
  "publisher" : "My Organization",
  "contact" : [{
    "name" : "My Organization",
    "telecom" : [{
      "system" : "url",
      "value" : "http://example.com/committees"
    },
    {
      "system" : "email",
      "value" : "my-group@example.com"
    }]
  },
  {
    "name" : "Bob Smith",
    "telecom" : [{
      "system" : "email",
      "value" : "bobsmith@example.com",
      "use" : "work"
    }]
  }],
  "description" : " CS Smartcare Plus",
  "jurisdiction" : [{
    "coding" : [{
      "system" : "http://unstats.un.org/unsd/methods/m49/m49.htm",
      "code" : "001",
      "display" : "World"
    }]
  }],
  "caseSensitive" : true,
  "content" : "complete",
  "count" : 1,
  "concept" : [{
    "code" : "General-Population",
    "display" : "General Populaton"
  }]
}