{
  "resourceType" : "ValueSet",
  "id" : "vs-smart-are-plus",
  "text" : {
    "status" : "generated",
    "div" : "<div xmlns=\"http://www.w3.org/1999/xhtml\"><p>This value set includes codes based on the following rules:</p><ul><li>Include these codes as defined in <a href=\"http://www.snomed.org/\"><code>http://snomed.info/sct</code></a><table class=\"none\"><tr><td style=\"white-space:nowrap\"><b>Code</b></td><td><b>Display</b></td></tr><tr><td><a href=\"http://snomed.info/id/472986005\">472986005</a></td><td>Sexually active with men</td></tr><tr><td><a href=\"http://snomed.info/id/159799000\">159799000</a></td><td>Female prostitute</td></tr><tr><td><a href=\"http://snomed.info/id/159800001\">159800001</a></td><td>Male prostitute</td></tr><tr><td><a href=\"http://snomed.info/id/228388006\">228388006</a></td><td>Intravenous drug user</td></tr><tr><td><a href=\"http://snomed.info/id/417284009\">417284009</a></td><td>Current drug user</td></tr><tr><td><a href=\"http://snomed.info/id/407375002\">407375002</a></td><td>Surgically transgendered transsexual</td></tr></table></li><li>Include all codes defined in <a href=\"CodeSystem-cs-smartcare-plus.html\"><code>http://opehhie.org/fhir/table1ig/CodeSystem/cs-smartcare-plus</code></a></li></ul></div>"
  },
  "url" : "http://opehhie.org/fhir/table1ig/ValueSet/vs-smart-are-plus",
  "version" : "1.0.0",
  "name" : "VSSmatCarePlus",
  "title" : "VS SmartCare Plus",
  "status" : "active",
  "date" : "2024-02-17T09:29:15+00:00",
  "publisher" : "My Organization",
  "contact" : [{
    "name" : "My Organization",
    "telecom" : [{
      "system" : "url",
      "value" : "http://example.com/committees"
    },
    {
      "system" : "email",
      "value" : "my-group@example.com"
    }]
  },
  {
    "name" : "Bob Smith",
    "telecom" : [{
      "system" : "email",
      "value" : "bobsmith@example.com",
      "use" : "work"
    }]
  }],
  "description" : "VS HIV key population",
  "jurisdiction" : [{
    "coding" : [{
      "system" : "http://unstats.un.org/unsd/methods/m49/m49.htm",
      "code" : "001",
      "display" : "World"
    }]
  }],
  "compose" : {
    "include" : [{
      "system" : "http://snomed.info/sct",
      "concept" : [{
        "code" : "472986005",
        "display" : "Sexually active with men"
      },
      {
        "code" : "159799000",
        "display" : "Female prostitute"
      },
      {
        "code" : "159800001",
        "display" : "Male prostitute"
      },
      {
        "code" : "228388006",
        "display" : "Intravenous drug user"
      },
      {
        "code" : "417284009",
        "display" : "Current drug user"
      },
      {
        "code" : "407375002",
        "display" : "Surgically transgendered transsexual"
      }]
    },
    {
      "system" : "http://opehhie.org/fhir/table1ig/CodeSystem/cs-smartcare-plus"
    }]
  }
}